NPM,IPK,Klasifikasi Profesi,ALGORITMA DAN PEMROGRAMAN 1,ALGORITMA DAN PEMROGRAMAN 2,ALGORITMA DAN PEMROGRAMAN 3,ALGORITMA DAN PENGOLAHAN PARALEL,ALGORITMA DEEP LEARNING,ARSITEKTUR KOMPUTER,BAHASA INDONESIA,BAHASA INGGRIS 1,BAHASA INGGRIS 2,BAHASA INGGRIS BISNIS 1,BAHASA INGGRIS BISNIS 2,BISNIS INFORMATIKA,COMPUTER VISION,DISAIN PEMODELAN GRAFIK,FISIKA DAN KIMIA DASAR 1,FISIKA DAN KIMIA DASAR 2,FORENSIK TEKNOLOGI INFORMASI,GRAFIK KOMPUTER 1,GRAFIK KOMPUTER 2,ILMU BUDAYA DASAR,ILMU SOSIAL DASAR,INFORMATIKA KESEHATAN,INTERAKSI MANUSIA DAN KOMPUTER,JARINGAN KOMPUTER,JARINGAN KOMPUTER LANJUT,KECERDASAN BUATAN,KOMPUTASI BIG DATA,KOMPUTASI MODERN,KONSEP DATA MINING,KONSEP TEKNOLOGI INFORMASI,LEGAL ASPEK PRODUK TEKNOLOGI INFORMASI DAN KOMUNIKASI,MATEMATIKA DASAR 1,MATEMATIKA DASAR 2,MATEMATIKA INFORMATIKA 1,MATEMATIKA INFORMATIKA 2,MATEMATIKA INFORMATIKA 3,MATEMATIKA INFORMATIKA 4,MATEMATIKA LANJUT 1,MATEMATIKA LANJUT 2,ORGANISASI SISTEM KOMPUTER,PEMODELAN DAN SIMULASI,PEMROGRAMAN BERBASIS OBJEK,PEMROGRAMAN JARINGAN,PEMROGRAMAN MULTIMEDIA,PEMROGRAMAN WEB,PENDIDIKAN AGAMA BUDDHA,PENDIDIKAN AGAMA HINDU,PENDIDIKAN AGAMA ISLAM,PENDIDIKAN AGAMA KATHOLIK,PENDIDIKAN AGAMA KRISTEN,PENDIDIKAN KEWARGANEGARAAN,PENDIDIKAN PANCASILA,PENGANTAR TEKNOLOGI INTERNET DAN NEW MEDIA,PENGANTAR TEKNOLOGI KOMPUTER DAN INFORMATIKA,PENGANTAR WEB SCIENCE,PENGELOLAAN PROYEK PERANGKAT LUNAK,PENGOLAHAN CITRA,PENULISAN ILMIAH / KERJA PRAKTEK,PERANCANGAN DAN ANALISA ALGORITMA,PRAKTIKUM ALGORITMA DAN PEMROGRAMAN 1,PRAKTIKUM ALGORITMA DAN PEMROGRAMAN 2,PRAKTIKUM ALGORITMA DAN PEMROGRAMAN 3,PRAKTIKUM FISIKA DASAR,PRAKTIKUM KOMPUTASI BIG DATA,PRAKTIKUM ROBOTIKA CERDAS,PRAKTIKUM TEKNOLOGI KECERDASAN ARTIFISIAL,PRAKTIKUM TERAPAN TEORI GRAF,REKAYASA KOMPUTASIONAL,REKAYASA PERANGKAT LUNAK 1,REKAYASA PERANGKAT LUNAK 2,RISET OPERASIONAL,ROBOTIKA CERDAS,SISTEM BASIS DATA 1,SISTEM BASIS DATA 2,SISTEM BERKAS,SISTEM INFORMASI,SISTEM INFORMASI AKUNTANSI DAN KEUANGAN,SISTEM INFORMASI MANAJEMEN,SISTEM KEAMANAN KOMPUTER,SISTEM MULTIMEDIA,SISTEM OPERASI,SISTEM TERDISTRIBUSI,SKRIPSI / EVALUASI KOMPREHENSIF,STATISTIKA 1,STATISTIKA 2,STRUKTUR DATA,TEKNIK KOMPILASI,TEKNOLOGI GAME,TEKNOLOGI KECERDASAN ARTIFICIAL,TEORI BAHASA DAN OTOMATA,TERAPAN TEORI GRAF
50414234,3.3,Software Engineer,A,B,A,B,A,A,A,B,B,A,B,A,0,A,C,B,A,A,B,A,B,B,B,A,B,C,0,A,B,A,B,C,A,B,B,B,B,C,A,B,C,B,B,A,A,0,0,A,0,0,A,A,B,B,A,A,B,A,B,A,A,B,B,0,0,0,0,B,A,B,B,0,B,B,A,B,A,A,B,B,B,B,A,C,A,C,B,B,0,B,0
50414279,3.1,Data Engineer,B,B,B,B,C,B,B,C,B,A,B,B,0,B,B,B,B,B,B,B,A,C,A,B,A,B,0,B,B,B,B,B,A,A,B,B,B,B,B,B,B,B,B,B,B,0,0,B,0,0,B,B,C,B,B,B,C,A,B,C,B,B,B,0,0,0,0,B,B,B,B,0,B,B,B,B,B,B,B,B,B,A,A,B,B,B,B,A,0,B,0
50414496,3.25,Data Analyst,B,B,B,B,A,A,B,B,B,A,A,B,0,A,A,B,B,B,D,B,B,B,B,B,A,B,0,A,B,B,B,B,C,B,B,A,A,B,C,B,A,B,B,B,B,0,0,B,0,0,B,A,B,A,A,B,B,A,B,B,B,B,B,0,0,0,0,A,A,B,A,0,B,B,A,A,B,A,B,C,B,A,A,A,C,B,A,A,0,B,0
50414623,3.38,Software Engineer,A,B,B,B,B,A,B,B,A,A,B,A,0,A,A,A,A,A,B,A,A,A,B,B,B,A,0,A,B,B,B,C,B,A,B,B,B,A,B,A,A,A,B,B,B,0,0,B,0,0,B,B,A,A,A,B,B,A,B,B,B,B,B,0,0,0,0,B,A,B,B,0,A,B,B,A,A,A,A,C,B,B,B,A,A,B,A,A,0,B,0
50414925,3.72,Mobile App Developer,A,B,A,A,A,A,B,B,B,A,B,A,0,A,A,A,A,A,A,A,A,B,B,A,A,A,0,B,0,A,A,B,B,A,B,A,A,A,A,A,A,A,C,0,A,0,0,A,0,0,A,A,A,A,A,B,B,A,A,A,A,A,A,0,0,0,0,B,A,B,B,0,A,A,A,A,A,A,A,B,B,0,A,A,A,A,A,A,0,B,0
50415185,3.29,IT Project Manager,B,B,A,B,A,B,B,B,B,B,B,A,0,A,A,B,A,A,B,B,A,B,B,B,B,A,0,A,A,B,A,B,B,A,B,B,B,A,B,B,B,B,B,B,B,0,0,B,0,0,B,B,A,B,A,A,B,A,B,B,B,B,B,0,0,0,0,B,B,B,A,0,B,B,B,B,A,B,A,B,B,B,A,A,B,B,B,A,0,B,0
50415335,3.36,Network Engineer,B,B,A,B,B,A,B,A,C,A,C,A,0,B,A,A,A,B,B,A,A,C,A,A,B,B,0,B,A,B,C,A,A,B,A,B,B,A,B,B,B,C,B,A,B,0,0,B,0,0,A,A,A,B,B,B,B,A,A,C,B,B,B,0,0,0,0,B,A,B,A,0,A,A,A,B,A,B,B,C,B,C,A,B,A,B,B,A,0,B,0
50415370,3.67,Software Quality Assurance,C,A,A,A,A,A,B,B,A,A,A,A,0,A,A,A,A,B,A,A,A,A,B,A,A,A,0,B,0,A,A,A,B,A,B,A,A,A,B,A,B,A,B,0,A,0,0,A,0,0,A,A,A,A,A,A,B,A,A,B,B,A,A,0,0,0,0,C,A,B,B,0,A,B,A,B,A,A,B,B,A,0,A,A,B,A,A,A,0,B,0
50415582,3.43,Mobile App Developer,B,B,A,B,A,A,B,B,C,A,B,A,0,A,A,B,A,B,B,A,A,B,A,B,A,A,0,A,A,A,B,A,A,A,B,A,A,A,A,B,A,A,B,A,A,0,0,B,0,0,B,B,B,B,A,A,B,A,B,B,B,B,B,0,0,0,0,B,B,B,A,0,B,B,B,B,A,A,A,B,B,B,B,B,B,A,A,A,0,B,0
50415780,3.09,Software Engineer,B,B,B,B,A,B,B,B,A,B,A,B,0,B,C,B,A,C,B,C,B,B,A,B,B,B,0,A,B,B,A,B,B,B,A,B,A,B,B,B,A,B,B,B,B,0,0,C,0,0,B,C,A,B,B,B,B,A,B,C,B,B,B,0,0,0,0,B,B,B,C,0,B,B,B,A,B,B,B,C,B,B,B,C,A,A,B,A,0,B,0
50416214,3.18,Software Engineer,A,A,B,B,C,B,C,B,B,C,A,A,0,A,A,B,D,B,B,A,A,B,C,A,C,B,0,D,A,A,A,B,B,A,A,B,B,B,B,B,B,B,D,B,A,0,0,C,0,0,B,B,A,B,D,A,B,A,A,A,B,B,B,0,0,0,0,C,A,B,A,0,A,B,A,B,A,C,B,C,B,B,A,B,A,B,A,A,0,C,0
50416342,3.35,Software Quality Assurance,A,B,B,B,A,B,B,A,A,B,B,A,0,B,B,B,B,B,D,A,B,A,B,B,B,B,0,A,0,B,B,B,B,B,A,B,A,A,A,B,B,B,B,0,B,0,0,B,0,0,A,A,B,B,B,A,A,A,B,B,B,B,A,0,0,0,0,C,A,A,A,0,B,B,B,A,A,A,A,B,B,0,A,A,A,B,B,A,0,A,0
50416713,3.13,Software Engineer,A,B,B,B,A,B,B,B,A,B,A,B,0,B,B,B,B,B,C,A,A,C,A,A,B,B,0,D,B,B,B,B,B,B,B,A,B,A,B,A,B,B,B,B,B,0,0,B,0,0,B,B,C,A,C,C,B,A,B,B,B,C,B,0,C,0,0,D,B,B,A,B,B,B,B,A,B,B,B,B,A,B,B,A,B,A,B,B,0,A,0
50417207,3.2,Software Engineer,A,B,B,B,A,B,A,C,A,A,A,A,0,A,A,B,A,B,C,B,B,A,B,B,A,A,0,A,B,B,B,B,B,B,C,C,B,C,B,B,C,C,B,B,A,0,0,A,0,0,A,B,A,B,A,A,B,A,A,B,B,D,C,0,B,0,0,B,A,A,C,B,B,B,B,B,B,C,A,A,B,A,A,C,C,C,A,B,0,B,0
50417328,3.45,Software Engineer,B,B,B,A,A,B,B,A,A,A,A,A,0,A,B,A,A,A,A,A,A,A,B,A,B,A,0,A,0,A,B,A,B,A,B,B,A,B,B,B,B,A,B,0,B,0,0,B,0,0,B,B,B,A,A,A,B,A,A,B,B,B,B,0,A,0,0,B,A,A,B,B,B,B,B,B,B,B,A,B,B,0,A,A,A,C,B,A,0,B,0
50418265,3.84,UI/UX Designer,A,A,A,A,A,A,A,C,A,A,A,A,0,B,A,A,A,A,A,A,D,B,A,B,0,A,A,A,0,A,B,A,B,A,B,B,A,A,A,B,A,A,A,0,A,0,0,A,0,0,A,A,A,A,A,A,A,A,A,B,A,A,B,A,A,0,A,A,A,A,B,A,A,A,A,A,B,A,A,A,A,0,A,A,A,A,A,A,0,B,A
50418615,3.29,Software Quality Assurance,A,B,A,B,B,B,B,A,C,A,B,A,0,C,B,B,A,A,B,A,B,A,B,B,0,A,B,A,A,B,A,B,B,A,C,B,B,A,B,C,B,C,B,A,B,0,0,B,0,0,B,B,B,B,A,A,B,A,A,C,B,B,B,B,C,0,B,B,A,B,A,B,A,B,B,B,B,A,B,C,A,A,A,A,A,A,A,D,0,B,B
50419267,3.71,Web Developer,A,A,A,A,A,A,A,B,A,A,A,A,0,A,A,B,A,A,A,A,B,A,B,A,0,0,A,A,A,A,A,B,B,A,B,B,A,B,B,A,B,A,A,0,A,0,0,0,0,A,A,B,B,B,A,A,A,A,B,B,B,B,C,A,A,A,A,B,A,A,A,A,A,A,A,A,B,A,A,A,A,0,A,A,C,A,A,A,A,B,A
50419339,3.84,Software Engineer,A,A,A,B,A,A,A,A,A,A,A,A,0,A,A,A,A,A,A,B,A,A,A,A,0,0,A,A,A,A,A,B,A,A,B,B,A,A,B,A,B,B,A,0,A,0,0,A,0,0,A,B,A,A,A,A,A,A,A,A,B,B,B,A,A,A,A,A,A,A,A,A,A,A,A,A,A,A,A,C,A,0,A,A,A,A,A,A,A,A,A
50419603,3.86,Network Administrator,B,A,A,B,A,A,A,A,A,A,A,A,0,A,B,A,A,A,A,A,A,A,A,A,0,0,A,A,A,A,A,A,B,A,A,B,B,B,B,A,A,A,A,0,A,0,0,A,0,0,A,A,A,A,A,A,A,A,A,A,A,A,A,A,B,A,A,A,A,A,B,A,A,A,A,A,B,A,A,A,A,0,A,A,B,A,A,A,A,A,A
50419666,3.95,Full Stack Developer,A,A,A,B,A,A,A,A,A,A,A,A,0,A,A,A,A,A,A,A,A,A,A,A,0,0,A,A,A,A,A,A,A,A,A,B,A,A,B,A,A,A,A,0,A,0,0,A,0,0,A,A,A,A,A,A,A,A,A,A,A,A,B,A,A,A,A,A,A,A,A,A,A,A,A,A,A,A,A,A,A,0,A,A,A,A,A,A,A,A,A
50419949,3.91,Software Engineer,A,A,A,A,A,A,A,B,A,A,A,A,0,A,A,A,A,A,A,A,A,A,A,A,0,0,A,A,A,A,A,A,B,B,B,B,A,B,A,A,A,A,A,0,A,0,0,A,0,0,A,A,B,A,A,A,A,A,A,A,A,B,B,A,A,A,A,A,A,A,A,A,A,A,A,A,A,A,A,A,A,0,A,A,A,A,A,A,A,A,A
51414049,3.19,Mobile App Developer,A,A,B,C,B,B,B,C,B,A,A,A,0,B,A,B,B,B,B,A,B,B,A,B,B,A,0,A,B,B,C,B,C,A,B,C,B,B,A,B,B,B,B,B,B,0,0,B,0,0,A,A,C,A,A,B,B,B,A,A,B,C,B,0,0,0,0,B,A,B,B,0,A,B,A,B,A,C,B,B,B,B,B,A,C,A,B,B,0,B,0
51414092,3.57,Software Quality Engineer,A,B,B,B,A,A,A,C,A,A,C,B,0,A,A,B,A,A,B,B,A,A,B,B,B,A,0,A,0,A,A,A,B,A,B,B,A,B,B,B,A,B,A,0,A,0,0,B,0,0,A,A,B,A,A,A,B,A,A,A,A,A,A,0,0,0,0,A,A,B,C,0,A,A,A,B,B,A,A,C,B,0,A,A,A,A,A,A,0,B,0
51414196,3.31,Data Engineer,A,B,B,B,B,B,B,B,B,A,A,B,0,B,B,A,B,A,C,C,B,C,B,B,A,A,0,A,A,B,B,B,A,B,B,A,B,A,B,B,A,B,B,B,B,0,0,B,0,0,B,A,A,B,A,A,B,A,B,C,B,C,B,0,0,0,0,B,A,C,C,0,A,A,B,A,B,A,A,B,B,B,A,A,B,A,B,A,0,B,0
51414598,3.32,Graphic Designer,A,B,A,B,C,B,A,A,B,A,B,A,0,A,A,A,B,B,B,A,A,B,B,B,B,B,0,A,B,A,B,A,A,B,B,B,B,A,B,B,B,A,B,A,A,0,0,B,0,0,B,B,A,B,A,A,C,B,B,B,B,B,B,0,0,0,0,B,A,B,B,0,A,B,B,B,A,A,B,C,B,B,A,A,B,B,A,A,0,B,0
51414845,3.2,Software Quality Assurance,B,B,B,B,A,B,A,C,C,B,B,A,0,A,A,A,B,B,B,B,A,C,A,B,B,B,0,A,A,B,C,A,B,B,B,A,B,B,C,B,B,A,B,B,B,0,0,B,0,0,B,B,A,B,A,A,B,A,B,C,B,B,B,0,0,0,0,C,A,B,B,0,B,B,B,B,A,A,B,C,B,B,A,B,C,A,A,B,0,B,0
51415218,3.6,Software Quality Assurance,A,B,A,A,A,A,A,B,A,A,A,A,0,A,A,A,A,B,B,A,A,A,C,A,B,A,0,B,A,A,A,B,B,A,A,B,A,C,B,B,A,A,B,C,A,0,0,A,0,0,A,A,A,A,A,A,B,A,A,A,B,A,B,0,0,0,0,B,A,B,B,0,A,B,A,B,A,A,C,B,B,A,A,A,B,A,A,A,0,A,0
51415426,3.36,Software Quality Assurance,B,B,A,B,A,A,C,A,C,B,A,A,0,A,A,A,A,B,A,B,A,B,C,B,B,A,0,B,A,A,A,A,B,A,B,B,A,A,B,B,B,A,B,B,B,0,0,0,0,A,A,A,D,A,B,A,C,A,A,B,B,B,A,0,0,0,0,B,A,B,B,0,A,B,B,B,B,A,C,A,B,A,A,C,B,C,A,A,0,C,0
51415973,3.62,IT Lecturer,A,B,A,C,B,A,A,A,B,B,B,A,0,B,A,A,B,A,B,A,A,B,A,A,A,B,0,B,0,A,A,A,C,A,B,C,A,B,A,A,A,A,A,0,A,0,0,A,0,0,A,A,A,A,A,B,A,A,A,A,B,A,B,0,0,0,0,A,A,C,B,0,A,A,B,B,A,C,A,A,A,0,A,D,A,A,A,A,0,C,0
51416193,3.54,Full Stack Developer,B,B,B,A,A,A,B,A,A,B,B,B,0,B,A,A,B,B,B,B,C,C,B,A,B,A,0,A,A,B,A,A,A,A,A,A,A,B,A,A,B,A,B,A,B,0,0,B,0,0,B,B,B,A,A,B,B,A,A,A,B,A,B,0,0,0,0,B,B,A,B,0,A,A,B,A,B,B,A,B,A,A,A,A,B,A,A,D,0,A,0
51416471,3.21,IT Entrepreneur,B,B,B,C,B,A,C,B,B,B,B,B,0,B,B,C,A,B,B,A,B,B,B,A,B,A,0,A,A,A,A,A,A,B,B,A,C,C,B,A,B,A,C,A,C,0,0,B,0,0,A,B,A,B,A,B,C,A,B,B,B,B,B,0,0,0,0,B,B,B,A,0,A,B,B,B,B,A,B,B,A,A,A,A,C,B,C,A,0,A,0
51416604,3.15,Front End Developer,B,B,B,B,B,B,B,A,A,A,A,A,0,A,A,A,B,D,C,B,B,B,B,B,C,A,0,A,A,A,B,C,A,A,A,B,A,B,A,B,C,B,C,B,C,0,0,0,0,B,A,B,A,A,A,A,B,A,A,B,B,B,B,0,0,0,0,D,B,B,C,0,C,B,B,B,A,B,C,C,B,B,A,A,B,A,C,A,0,A,0
51416751,3.8,Software Engineer,A,A,A,A,A,A,B,A,B,A,A,A,0,A,A,A,A,B,B,A,A,B,B,B,A,A,0,A,A,A,B,A,A,A,A,A,B,A,A,A,A,A,A,A,A,0,0,B,0,0,A,A,A,A,A,A,B,A,A,A,A,A,A,0,0,0,0,A,A,B,A,0,A,A,A,A,A,B,A,A,B,A,A,A,A,A,A,A,0,A,0
51417061,3.7,UI/UX Designer,A,B,A,A,A,A,A,B,A,A,B,A,0,A,A,A,A,B,A,A,A,A,B,A,A,A,0,A,A,A,A,B,C,A,B,A,B,A,A,B,A,A,D,A,A,0,0,A,0,0,A,B,A,A,A,A,B,A,B,A,B,A,A,0,A,0,0,B,A,B,B,A,A,B,A,A,A,A,A,A,B,A,A,A,A,A,A,A,0,A,0
51417125,3.07,Data Analyst,B,B,B,A,B,B,B,C,A,A,A,A,0,A,C,D,A,B,B,A,A,A,C,A,B,B,0,B,B,B,A,B,A,C,C,C,C,C,C,C,C,B,C,A,B,0,0,B,0,0,A,B,A,A,B,A,D,A,B,B,B,B,C,0,A,0,0,B,A,B,C,B,B,B,C,C,C,B,A,C,A,A,A,B,A,B,B,A,0,A,0
51417792,3.59,Software Quality Assurance,A,B,B,A,A,A,A,A,A,A,A,A,0,B,C,B,A,A,A,A,A,A,B,A,A,B,0,A,0,B,A,B,B,B,B,B,A,A,B,A,A,B,A,0,A,0,0,A,0,0,A,B,B,B,A,A,B,A,A,B,B,B,B,0,A,0,0,B,A,A,A,A,A,A,A,B,B,A,A,B,B,0,A,A,B,B,A,B,0,A,0
51417855,3.71,Full Stack Developer,A,A,A,A,A,A,A,A,A,A,A,A,0,A,A,B,A,A,A,A,A,B,B,A,A,A,0,A,0,B,A,B,B,A,B,B,A,A,B,B,A,A,A,0,A,0,0,A,0,0,A,C,B,A,A,A,A,A,A,A,B,A,C,0,B,0,0,A,A,A,B,A,A,A,A,A,B,A,A,A,B,0,A,A,B,B,A,A,0,B,0
51418507,3.68,Web Developer,A,A,B,B,A,A,A,B,B,A,A,A,0,A,B,B,A,A,A,A,A,A,A,B,0,A,A,A,0,B,B,B,B,A,A,A,A,B,B,B,A,A,B,0,A,0,0,A,0,0,A,B,B,B,A,A,A,A,B,A,A,A,B,A,A,0,A,A,A,B,A,A,A,A,A,A,A,A,A,B,B,0,A,A,A,A,A,B,0,A,A
51418977,3.68,Software Quality Assurance,A,B,A,B,A,A,A,A,A,A,A,A,0,A,A,B,A,A,A,A,B,A,A,B,0,A,A,B,B,B,A,A,B,A,B,A,B,A,A,B,A,A,A,B,A,0,0,B,0,0,A,B,B,A,A,A,A,A,A,B,B,A,B,A,B,0,A,A,A,B,B,A,B,A,A,A,A,A,A,B,A,B,B,A,B,B,A,A,0,A,A
51419482,3.72,Data Analyst,B,A,B,B,A,A,A,B,A,A,A,A,0,A,A,A,A,A,A,B,A,A,A,A,0,0,A,A,A,A,A,B,B,A,B,B,A,B,B,A,B,A,A,0,B,0,0,A,0,0,B,B,B,A,A,A,B,A,B,B,B,B,B,A,B,A,A,A,A,A,A,A,A,A,A,A,B,A,A,A,B,0,A,A,A,B,A,A,A,A,A
51419646,3.88,Software Engineer,A,A,A,B,A,A,A,A,A,A,A,A,0,B,A,A,A,A,A,A,A,A,A,A,0,0,A,A,A,A,A,B,B,B,B,A,A,A,B,A,A,A,A,0,A,0,0,A,0,0,A,A,A,A,A,A,A,A,B,A,A,B,B,A,B,A,A,B,A,A,A,A,A,A,A,A,A,A,A,A,A,0,A,A,A,A,A,A,A,A,A
52414214,3.41,Network Engineer,B,B,B,A,A,A,A,A,B,A,B,B,0,A,A,C,A,B,C,A,A,B,B,B,A,A,0,A,A,A,A,C,A,A,C,C,A,C,B,B,B,B,A,A,A,0,0,A,0,0,B,B,A,A,A,A,A,A,A,A,A,A,B,0,0,0,0,B,A,B,A,0,B,B,B,B,C,A,B,A,B,A,A,A,A,B,B,A,0,B,0
52414454,3.51,Software Quality Assurance,A,B,A,B,A,A,A,B,A,A,A,A,0,A,A,A,A,A,B,A,A,B,B,B,B,A,0,B,0,A,B,B,B,A,B,B,A,B,A,A,A,B,C,0,A,0,0,B,0,0,A,B,B,A,A,D,A,A,A,B,B,B,B,0,0,0,0,B,A,B,A,0,A,B,B,B,A,A,A,C,B,0,A,A,A,B,A,A,0,B,0
52414597,3.61,Software Quality Assurance,B,A,A,B,A,A,A,A,A,A,B,A,0,C,B,B,A,A,A,A,A,B,B,B,B,A,0,A,0,A,A,B,C,A,A,A,A,A,A,B,A,B,A,0,A,0,0,B,0,0,B,A,A,B,B,A,A,A,A,A,A,A,A,0,0,0,0,A,A,B,B,0,A,B,A,B,A,A,B,A,B,0,A,A,A,A,A,B,0,B,0
52414708,3.67,Software Engineer,A,A,A,A,A,A,A,A,A,A,A,A,0,A,A,A,A,A,B,A,A,B,B,A,B,A,0,B,0,A,A,C,B,A,B,A,A,A,A,A,A,A,C,0,A,0,0,B,0,0,A,A,A,A,A,B,C,A,A,A,B,A,A,0,0,0,0,B,A,A,C,0,A,A,B,B,A,A,A,B,B,0,A,A,A,A,A,A,0,B,0
52415341,3.38,Data Analyst,B,B,B,B,A,A,B,A,B,A,B,A,0,A,A,B,B,B,B,B,A,B,A,A,B,A,0,A,A,B,A,A,B,B,B,B,B,A,B,B,B,A,B,B,B,0,0,B,0,0,B,B,A,B,A,A,B,A,A,B,B,B,A,0,0,0,0,B,A,B,B,0,B,A,B,A,B,B,A,B,B,B,A,A,B,B,B,B,0,B,0
52415428,3.26,Software Engineer,B,B,A,B,A,B,B,B,B,B,A,A,0,B,B,C,A,B,C,A,A,B,B,B,B,A,0,A,B,B,B,B,B,A,C,B,B,A,A,B,B,A,C,A,B,0,0,B,0,0,A,B,B,A,A,A,B,A,A,B,B,B,B,0,0,0,0,A,B,C,B,0,B,B,B,B,A,B,B,B,B,B,A,B,A,A,B,A,0,B,0
52415447,3.26,DevOps Engineer,A,A,A,B,A,A,B,C,B,B,B,A,0,B,C,B,B,A,B,C,A,C,B,B,A,B,0,A,A,B,B,B,B,B,B,B,A,B,B,B,B,A,B,A,A,0,0,C,0,0,B,B,A,A,B,B,A,A,B,B,B,B,B,0,0,0,0,C,B,B,B,0,B,A,A,B,B,B,B,B,B,A,A,A,B,A,B,B,0,B,0
52415625,3.45,Software Quality Assurance,A,B,A,B,A,A,B,C,B,A,B,A,0,B,A,A,A,B,B,A,B,B,C,B,A,A,0,A,0,B,A,C,C,B,A,A,A,A,A,B,A,A,C,0,B,0,0,0,0,A,A,A,A,A,A,B,B,A,A,B,B,B,B,0,0,0,0,B,A,B,A,0,A,B,B,B,A,B,B,C,B,0,A,A,A,A,A,A,0,B,0
52415711,3.26,Software Quality Assurance,B,B,B,B,A,B,B,B,B,A,A,A,0,A,B,B,A,B,C,B,A,C,A,A,B,B,0,A,A,B,B,A,C,B,B,B,A,A,B,B,A,A,C,B,B,0,0,B,0,0,B,B,B,B,A,A,C,A,A,B,C,A,C,0,0,0,0,C,A,B,A,0,A,B,B,B,B,C,B,B,B,B,A,A,C,B,B,A,0,A,0
52416402,3.7,Data Engineer,A,A,A,A,A,A,B,A,A,A,A,A,0,A,A,A,A,B,B,A,A,A,B,B,B,A,0,A,0,A,B,A,A,A,A,B,B,A,B,A,B,B,A,0,A,0,0,0,0,A,A,A,A,A,A,A,B,A,A,A,B,B,A,0,0,0,0,B,A,A,A,0,A,A,B,A,A,C,B,A,B,0,A,A,B,A,A,A,0,A,0
52416463,3.3,Software Engineer,B,B,B,C,B,B,B,A,B,C,C,A,0,A,A,A,B,B,B,A,A,C,B,B,A,A,0,B,B,B,B,A,B,A,A,B,A,B,C,B,C,B,A,B,B,0,0,B,0,0,B,B,A,B,A,A,A,A,A,A,A,A,B,0,0,0,0,C,A,B,A,0,A,A,A,B,A,B,A,C,C,A,A,B,C,A,A,A,0,B,0
52416702,3.42,IT Entrepreneur,A,A,A,A,A,A,B,A,B,B,A,A,0,A,B,A,B,B,B,A,A,B,C,B,D,A,0,A,A,B,D,A,B,A,A,B,B,A,B,B,B,A,A,A,B,0,0,B,0,0,A,A,A,A,A,A,B,A,A,A,B,A,A,0,0,0,0,B,B,A,C,0,A,B,C,A,A,A,A,A,B,B,A,B,B,B,B,A,0,C,0
52417177,3.44,Software Engineer,A,A,B,A,A,A,B,B,A,B,A,A,0,A,B,B,A,B,A,A,A,B,B,B,B,B,0,A,0,A,B,B,A,B,B,A,B,B,A,B,B,A,A,0,B,0,0,B,0,0,A,B,B,A,A,A,C,A,A,B,B,B,B,0,B,0,0,B,A,A,B,A,B,B,B,B,B,A,B,A,B,0,A,B,B,B,B,B,0,A,0
52417265,3.76,UI/UX Designer,A,A,A,A,A,A,A,A,A,A,A,A,0,A,A,A,A,A,A,A,A,A,B,A,A,A,0,D,A,A,A,A,C,B,A,B,A,B,B,B,A,B,A,A,A,0,0,A,0,0,A,B,B,A,A,A,A,A,A,A,A,A,A,0,A,0,0,A,A,A,B,A,A,A,A,A,A,A,A,A,B,A,A,B,B,A,A,A,0,B,0
52417767,3.44,Back End Developer,B,A,B,A,A,B,B,A,A,A,A,A,0,A,B,B,A,B,A,B,A,B,B,B,A,B,0,A,A,A,B,B,B,B,B,B,B,B,A,B,B,B,A,A,A,0,0,B,0,0,B,B,B,A,A,A,B,A,A,A,B,B,C,0,A,0,0,A,A,A,B,A,B,B,B,B,B,B,A,A,B,A,A,B,B,A,B,B,0,A,0
52417976,3.4,Full Stack Developer,A,B,A,A,B,A,A,C,C,A,A,A,0,A,B,A,A,A,B,A,A,A,B,A,A,D,0,A,A,B,A,A,B,B,B,B,A,B,B,B,B,C,B,A,A,0,0,B,0,0,B,B,A,A,A,A,B,A,A,B,B,B,B,0,B,0,0,B,A,A,B,B,A,B,B,B,B,B,A,A,B,B,A,B,B,B,B,A,0,B,0
52418516,3.55,Front End Developer,B,B,B,B,A,A,B,A,A,A,B,A,0,A,C,B,A,A,A,A,B,B,B,B,0,A,A,A,0,A,A,B,B,A,A,C,B,A,B,B,B,B,A,0,A,0,0,B,0,0,B,B,A,A,B,A,A,A,B,A,B,B,B,A,B,0,B,A,A,B,B,B,A,A,A,B,A,A,A,B,A,0,A,B,A,A,A,A,0,B,A
52418584,3.59,Network Administrator,B,B,B,A,A,A,A,A,C,A,A,B,0,A,B,B,A,A,A,A,B,A,B,A,0,A,A,A,0,A,A,A,C,B,B,B,B,A,B,B,C,A,A,0,A,0,0,B,0,0,A,B,A,B,A,A,A,A,C,A,A,A,C,A,A,0,A,B,A,A,A,A,A,A,A,A,A,A,A,A,A,0,A,B,A,B,B,B,0,B,A
52419144,3.83,Cyber Security Manager,A,A,A,A,A,A,A,B,A,A,A,A,0,A,A,A,A,A,A,B,A,B,A,A,0,0,A,A,A,A,A,A,C,B,B,A,A,B,B,A,A,A,A,0,A,0,0,A,0,0,A,B,A,A,A,A,A,A,B,B,B,B,C,A,A,A,A,B,A,A,B,A,A,A,A,A,A,A,A,A,A,0,A,A,B,A,A,A,A,A,A
52419689,3.7,Network Security Engineer,A,A,B,A,A,A,A,A,A,A,A,A,A,B,A,B,B,A,A,A,B,A,B,A,0,0,A,A,A,A,A,A,B,B,A,B,B,A,B,A,A,B,A,A,A,0,0,A,0,0,B,B,A,B,B,A,A,A,B,B,B,B,B,A,A,A,A,B,A,A,A,A,A,A,A,B,B,A,A,A,A,A,A,B,A,A,A,A,A,B,A
52419856,3.88,Full Stack Developer,A,A,A,B,A,A,A,A,A,A,A,A,0,A,A,A,A,A,A,A,A,A,A,A,0,0,A,A,A,A,A,B,A,B,A,B,B,B,B,A,A,A,A,0,A,0,A,0,0,0,A,A,A,A,A,A,A,A,A,B,A,B,B,A,A,A,A,B,A,A,A,A,A,A,A,A,A,A,A,B,A,0,A,A,A,A,A,A,A,A,A
52419880,3.81,Web Developer,A,A,A,B,A,A,A,A,A,A,A,A,0,A,B,A,A,A,A,B,B,A,A,B,0,0,A,A,A,A,A,B,B,B,B,B,B,A,A,A,A,A,A,0,A,0,0,A,0,0,B,B,A,A,B,A,A,A,B,A,A,A,A,A,B,A,A,A,A,A,A,A,A,A,A,A,A,A,A,A,A,0,A,A,A,A,A,A,A,A,A
52419919,3.52,Mobile App Developer,B,B,B,B,A,A,A,B,B,B,B,A,0,A,B,B,A,A,A,A,B,A,A,B,0,0,A,A,A,B,A,B,A,B,A,B,B,B,B,B,A,A,B,0,A,0,0,A,0,0,B,A,B,B,A,A,A,A,B,B,B,B,C,A,A,A,A,A,A,A,B,A,B,A,A,B,B,A,A,B,B,0,A,B,B,B,A,A,B,A,A
53414941,3.21,Data Scientist,B,B,B,C,A,A,B,B,A,A,B,B,0,A,A,B,A,B,C,B,B,B,B,B,B,A,0,A,B,B,A,B,B,A,B,C,A,C,A,B,B,A,C,B,A,0,0,B,0,0,B,B,B,A,A,B,B,A,A,B,C,B,B,0,0,0,0,B,A,B,A,0,C,B,A,B,A,A,A,B,B,B,B,B,B,B,B,C,0,B,0
53415019,3.35,Software Engineer,B,B,B,A,A,B,B,B,A,A,A,A,0,A,B,C,A,B,B,B,B,B,A,B,A,A,0,A,0,A,B,B,A,C,A,A,C,C,A,B,A,B,B,0,A,0,0,C,0,0,B,B,B,B,A,A,B,A,A,B,B,B,C,0,0,0,0,C,A,B,A,0,B,B,B,B,B,A,A,A,B,0,A,A,B,B,A,A,0,B,0
53415107,3.22,Data Scientist,B,B,B,B,B,B,B,A,B,B,B,A,0,B,B,B,A,B,B,A,A,C,A,B,B,A,0,B,A,B,B,A,B,B,B,A,B,B,B,B,B,A,B,B,B,0,0,B,0,0,A,A,A,B,B,B,B,B,A,B,B,C,C,0,0,0,0,B,B,B,B,0,A,A,B,B,A,B,B,B,B,B,B,B,B,B,B,A,0,B,0
53415615,3.26,Back End Developer,B,B,A,A,A,B,B,C,B,A,B,B,0,B,A,A,A,C,B,A,A,B,A,A,B,B,0,A,A,B,A,B,A,B,B,B,C,C,B,C,A,A,C,C,B,0,0,0,0,A,B,B,B,B,A,A,B,B,B,B,B,A,B,0,0,0,0,B,A,B,C,0,A,B,A,B,A,B,B,C,B,B,B,A,B,A,B,A,0,B,0
53415953,3.44,Full Stack Developer,A,B,A,B,A,A,B,B,B,A,A,A,0,A,A,A,A,C,C,A,A,A,A,A,B,A,0,B,A,A,A,A,B,A,B,C,B,C,B,B,A,B,C,A,B,0,0,A,0,0,A,B,A,A,B,A,B,A,A,B,B,A,B,0,0,0,0,C,A,C,B,0,A,B,A,B,A,A,B,B,B,B,A,A,B,B,A,A,0,B,0
53415961,3.34,Graphic Designer,B,A,B,B,A,B,B,B,C,B,B,B,0,B,A,B,A,B,C,A,A,C,A,B,B,A,0,A,A,B,B,A,B,A,A,A,A,B,B,B,B,B,B,A,B,0,0,A,0,0,B,B,A,A,A,B,B,A,B,C,B,C,B,0,0,0,0,B,A,B,B,0,A,A,B,A,B,B,B,B,B,B,A,A,B,B,B,B,0,A,0
53416011,3.32,Back End Developer,A,B,B,A,A,B,B,B,B,A,A,B,0,B,A,B,A,A,B,B,B,B,A,A,A,B,0,B,B,A,B,B,C,B,B,B,A,A,B,B,B,B,B,B,C,0,0,B,0,0,C,C,A,B,A,A,C,A,A,B,B,B,B,0,0,0,0,C,B,A,A,0,B,A,B,A,A,A,B,B,A,B,B,A,B,B,B,B,0,A,0
53416109,3.27,IT Consultant,B,B,A,C,A,A,A,A,B,B,B,A,0,A,A,B,B,B,B,B,B,C,C,B,B,A,0,C,B,A,A,B,C,A,B,B,A,A,C,B,B,A,C,A,A,0,0,B,0,0,C,A,B,A,B,A,C,A,A,B,B,B,B,0,0,0,0,B,A,C,B,0,A,B,B,B,A,B,B,C,B,B,A,A,A,B,B,B,0,A,0
53416424,3.34,DevOps Engineer,A,B,B,B,A,A,B,B,A,B,A,A,0,A,A,B,B,B,B,A,A,B,A,A,B,B,0,A,0,A,A,A,A,B,B,B,B,B,B,B,B,B,B,0,B,0,0,B,0,0,B,B,B,A,C,A,B,A,B,B,B,B,B,0,0,0,0,C,B,A,B,0,A,B,B,B,A,B,B,B,B,0,A,B,B,B,B,A,0,A,0
53416775,3.31,Graphic Designer,A,C,B,B,C,B,A,A,A,B,A,A,0,A,B,B,B,C,A,A,A,B,A,B,C,B,0,A,A,A,B,A,A,B,B,C,A,B,B,B,B,B,C,A,B,0,0,0,0,A,A,A,A,B,A,C,A,A,A,B,A,A,C,0,0,0,0,C,A,B,A,0,B,A,A,B,B,A,B,B,B,A,A,B,B,A,B,C,0,B,0
53416882,3.06,Lecturer,B,B,B,B,B,B,B,B,B,B,C,A,0,B,B,B,B,A,D,C,A,B,B,B,B,B,0,A,A,B,B,B,B,B,B,B,B,B,B,B,B,B,B,A,B,0,0,B,0,0,B,B,B,B,C,B,B,A,B,A,A,A,C,0,0,0,0,C,A,B,A,0,B,B,B,B,B,B,B,C,B,B,A,B,B,B,B,A,0,B,0
53417177,3.21,Software Engineer,B,B,B,C,A,B,B,B,B,A,A,B,0,A,B,B,B,B,A,B,A,B,C,B,A,B,0,C,A,A,B,B,A,B,B,C,B,A,C,B,B,A,C,B,C,A,0,0,0,0,B,B,A,A,A,A,C,A,B,A,A,A,B,0,B,0,0,B,B,A,C,A,A,B,B,A,B,A,A,B,B,B,A,C,A,B,C,A,0,B,0
53417359,3.22,Database Administrator,B,B,B,B,A,A,A,A,B,C,A,A,0,A,B,A,A,B,A,A,A,A,B,A,A,B,0,A,B,B,A,C,A,C,C,B,B,B,C,A,B,B,C,A,B,0,0,B,0,0,B,B,B,A,A,B,C,A,B,B,C,B,C,0,B,0,0,B,A,A,B,B,A,B,B,B,B,A,A,C,B,B,A,C,B,C,A,A,0,C,0
53417866,3.33,Software Engineer,A,A,B,A,B,A,B,A,A,A,A,A,0,A,B,B,A,B,A,A,A,B,B,B,B,A,0,A,B,B,A,A,C,B,B,B,A,A,C,B,B,B,B,A,A,0,0,B,0,0,A,B,B,B,A,C,B,A,A,B,B,A,B,0,B,0,0,C,A,B,B,B,B,B,B,B,B,A,A,D,A,B,A,A,B,B,A,A,0,B,0
53417942,3.34,Back End Developer,B,B,B,A,B,B,B,B,B,B,B,A,0,A,B,B,A,B,A,B,A,A,B,B,A,B,0,A,A,A,B,B,B,B,B,B,B,B,B,B,B,C,B,B,A,0,0,B,0,0,B,B,B,B,A,A,C,A,A,B,B,B,B,0,A,0,0,B,A,A,B,B,A,B,A,B,A,A,A,B,B,A,A,B,B,B,B,B,0,A,0
53418995,3.6,Software Engineer,A,B,B,B,A,A,A,B,A,A,A,A,0,A,B,B,A,A,A,A,A,B,A,A,0,A,A,B,0,A,A,B,A,B,A,B,B,B,B,B,A,B,A,0,A,0,0,B,0,0,B,A,A,A,A,A,A,A,B,B,B,B,A,A,B,0,A,B,A,B,C,A,A,A,A,B,A,A,A,B,B,0,A,B,B,B,A,A,0,B,B
53419110,3.83,Software Quality Assurance,A,A,A,C,A,A,B,B,A,A,A,A,0,A,A,A,A,A,A,A,B,A,B,A,0,0,A,A,B,A,A,B,B,A,A,B,A,A,B,A,A,A,A,0,A,0,0,A,0,0,A,B,A,A,A,A,A,A,B,A,B,A,B,A,A,A,A,B,A,A,B,A,A,A,A,A,A,A,A,A,A,0,A,A,A,A,A,A,A,A,A
53419291,3.74,Software Engineer,B,B,B,B,A,A,C,A,A,A,B,A,0,B,A,A,B,A,A,B,B,A,A,A,0,0,A,A,A,A,A,A,B,B,B,B,B,A,A,A,A,A,A,0,A,0,0,A,0,0,A,A,A,A,A,A,A,A,B,B,B,B,B,A,A,A,A,B,A,A,A,A,A,A,A,B,B,A,A,A,A,0,A,A,A,A,A,A,B,A,A
53419310,3.94,Full Stack Developer,A,B,A,B,A,A,A,A,A,A,A,A,0,A,A,A,A,A,A,A,A,A,A,A,0,0,A,A,A,A,A,A,B,A,A,A,A,A,A,A,A,A,A,0,A,0,0,A,0,0,A,B,A,A,A,A,A,A,A,A,A,A,A,A,B,A,A,A,A,A,A,A,A,A,A,A,A,A,A,A,A,0,A,A,A,A,A,A,A,A,A
53419382,3.86,Mobile App Developer,B,A,A,B,A,A,A,A,B,A,A,A,0,A,A,A,A,A,A,B,B,A,A,A,0,0,A,A,A,A,A,A,B,A,A,B,B,A,B,A,A,B,A,0,A,0,0,0,0,A,A,A,A,A,A,A,A,A,A,B,B,B,A,A,B,A,A,B,A,A,A,A,A,A,A,A,A,A,A,A,A,0,A,A,A,A,A,A,A,A,A
53419677,3.9,Software Engineer,A,A,B,B,A,A,A,A,A,A,A,A,0,A,A,A,A,A,A,A,A,A,A,A,0,0,A,A,A,A,A,A,A,A,A,B,A,B,B,A,B,A,A,0,A,A,0,0,0,0,A,A,A,A,A,A,A,A,A,A,A,A,A,A,B,A,A,A,A,A,B,A,A,A,A,A,B,A,A,A,A,0,A,A,A,A,A,A,A,A,A
53419781,3.75,Software Engineer,A,B,A,A,A,A,A,B,A,A,A,A,0,A,B,A,B,A,A,B,A,A,B,A,0,0,A,A,B,A,A,B,B,B,B,B,A,A,A,A,A,A,A,0,A,0,0,B,0,0,B,B,A,A,A,A,A,A,B,A,A,A,A,A,A,A,A,B,B,A,A,A,A,B,A,A,A,A,A,A,A,0,A,A,A,A,A,A,A,B,A
53419990,3.85,Back End Developer,A,A,A,B,A,A,B,A,A,A,A,A,0,A,B,A,B,A,A,A,A,A,A,B,0,0,A,A,A,A,A,B,A,B,A,B,A,A,B,A,A,A,A,0,A,0,0,A,0,0,A,A,A,A,A,A,A,A,A,A,A,A,A,A,A,A,A,A,A,A,B,A,A,A,A,A,B,A,A,A,A,0,A,A,B,A,A,A,A,A,A
54414002,3.07,Software Engineer,A,B,B,B,C,B,B,A,A,B,B,B,0,A,B,B,A,B,B,A,A,A,B,B,C,A,0,B,A,B,C,B,C,A,A,B,A,B,C,B,C,C,B,B,C,0,0,B,0,0,B,A,B,B,A,C,C,A,B,A,C,B,A,0,0,0,0,C,A,B,B,0,B,A,C,B,B,C,C,C,B,B,A,B,A,C,C,B,0,A,0
54414455,3.37,System Analyst,A,B,B,B,A,B,B,B,B,A,B,A,0,A,B,B,A,A,B,B,A,C,B,B,B,A,0,C,0,B,B,A,A,B,B,A,B,B,B,B,A,B,B,0,A,0,0,B,0,0,B,B,A,B,A,A,B,A,B,B,B,A,B,0,0,0,0,B,A,B,A,0,B,B,B,B,A,A,A,B,A,0,A,B,B,A,A,A,0,B,0
54415347,3.05,Mobile App Developer,B,B,B,B,A,C,B,A,C,B,C,A,0,B,B,C,B,C,B,B,A,B,C,A,B,A,0,A,B,B,B,B,B,B,B,A,B,B,C,B,B,B,B,B,B,0,0,C,0,0,A,B,A,B,A,B,B,A,B,B,B,B,A,0,0,0,0,B,A,B,B,0,B,B,B,A,B,B,B,C,A,B,B,B,B,B,B,B,0,C,0
54415421,3.3,IT Consultant,B,B,A,B,A,A,B,B,C,B,A,A,0,B,A,B,A,B,C,A,B,A,A,A,A,A,0,A,B,B,A,A,B,B,B,A,B,B,C,B,A,A,B,B,B,0,0,B,0,0,B,A,A,A,A,B,C,A,A,B,B,B,B,0,0,0,0,C,A,B,B,0,A,A,B,B,B,B,B,C,B,B,B,C,C,B,B,A,0,A,0
54415508,3.26,Software Quality Assurance,B,B,A,B,A,A,C,B,C,A,B,C,0,B,B,B,B,B,B,B,B,B,A,B,A,B,0,C,B,B,A,A,A,A,A,A,A,B,B,B,A,B,B,B,A,0,0,A,0,0,A,B,B,B,A,A,B,A,B,B,B,B,B,0,0,0,0,B,B,B,B,0,B,B,B,B,B,A,B,B,B,B,B,A,B,B,B,B,0,B,0
54415703,3.34,Back End Developer,A,B,A,B,A,B,A,B,B,A,B,A,0,B,B,A,A,A,B,B,A,B,B,A,A,A,0,B,A,A,C,B,B,B,B,B,B,B,B,A,B,B,C,B,B,0,0,A,0,0,B,B,A,A,B,B,A,A,B,A,B,B,B,0,0,0,0,B,A,C,B,0,A,A,C,A,A,A,C,C,A,B,A,B,C,A,B,A,0,B,0
54415856,3.53,IT Project Manager,B,B,A,B,A,A,B,B,A,A,A,A,0,A,B,B,A,B,B,B,A,A,B,A,B,A,0,B,A,B,A,B,B,B,B,B,B,A,B,A,A,A,B,A,A,0,0,B,0,0,A,A,A,A,A,A,A,A,A,C,B,A,A,0,0,0,0,B,A,B,A,0,A,B,A,B,A,A,B,B,B,B,A,A,B,A,A,A,0,B,0
54416009,3.56,Mobile App Developer,A,B,A,B,A,B,B,A,B,A,A,A,0,A,C,C,A,A,A,A,A,A,B,A,B,A,0,A,0,A,A,B,A,A,B,A,A,A,B,B,B,A,B,0,B,0,0,0,A,0,A,A,A,A,A,A,B,B,B,A,B,B,A,0,0,0,0,B,A,A,A,0,A,A,B,A,B,A,A,C,B,0,A,A,B,B,A,A,0,B,0
54416146,3.32,UI/UX Designer,B,B,A,A,A,B,A,B,A,A,B,B,0,B,C,B,A,B,C,A,B,C,B,B,A,A,0,D,A,B,A,A,A,A,B,B,B,A,B,B,A,B,B,A,A,0,0,B,0,0,C,B,C,A,A,A,C,A,A,C,B,B,B,0,0,0,0,B,A,A,A,0,B,B,B,A,A,B,B,B,B,B,A,A,B,A,B,B,0,B,0
54416197,3.01,Network Engineer,B,C,B,B,A,B,B,B,B,B,C,A,0,A,B,C,C,B,B,A,B,B,B,A,C,B,0,D,A,A,B,B,A,B,A,B,B,B,C,B,B,B,B,B,B,0,0,B,0,0,A,B,A,B,B,A,D,A,B,B,B,B,B,0,0,0,0,C,B,B,B,0,C,A,C,B,A,C,C,B,B,D,B,B,B,B,B,A,0,B,0
54416680,3.68,Software Engineer,B,A,A,A,A,A,A,A,A,A,A,A,0,A,B,A,A,A,A,A,A,A,A,A,A,A,0,A,0,B,A,A,A,A,B,B,A,B,B,A,A,A,B,0,A,0,0,B,0,0,B,B,A,B,B,B,A,A,B,A,B,B,B,0,0,0,0,A,B,A,A,0,A,A,B,A,A,B,A,A,B,0,A,B,A,B,A,A,0,A,0
54416701,3.46,Software Quality Assurance,B,B,A,B,A,B,B,B,A,A,A,A,0,B,A,A,A,B,B,A,A,B,B,A,B,A,0,B,0,B,B,B,B,A,A,A,B,A,B,B,B,B,B,0,B,0,0,B,0,0,A,A,C,A,A,A,B,A,B,A,B,B,B,0,0,0,0,B,A,A,B,0,A,B,B,A,A,A,B,B,A,0,A,A,B,B,A,B,0,B,0
54416758,3.51,IT Consultant,A,A,A,B,A,B,B,B,A,A,B,A,0,B,B,B,A,B,B,A,A,B,B,A,A,B,0,B,0,A,A,B,B,A,A,B,A,B,B,B,B,A,A,0,B,0,0,A,0,0,B,B,A,A,A,A,A,A,A,B,B,B,B,0,0,0,0,B,A,A,A,0,A,B,B,A,A,B,A,B,B,0,A,B,B,B,B,A,0,A,0
54416880,3.42,Software Quality Assurance,B,A,B,A,A,A,B,B,A,A,A,A,0,B,A,B,A,C,B,B,A,C,A,A,A,B,0,A,0,A,A,B,A,A,A,A,A,B,B,C,B,A,C,0,B,0,0,B,0,0,B,B,A,A,A,A,C,A,B,B,B,C,B,0,0,0,0,B,B,A,A,0,B,B,B,A,B,B,C,B,B,0,A,B,A,A,A,A,0,A,0
54417100,3.51,Software Engineer,A,A,B,A,B,A,A,B,B,A,A,B,0,A,A,A,A,B,B,A,A,A,A,A,A,A,0,A,0,A,A,B,B,B,A,B,B,B,A,B,B,B,B,0,B,0,0,B,0,0,A,B,B,B,A,A,C,B,A,B,B,B,A,0,A,0,0,B,A,B,B,B,A,B,B,B,A,A,A,B,A,0,A,B,A,B,B,A,0,B,0
54417129,3.54,Network Engineer,B,B,A,A,B,B,A,C,B,A,A,A,0,A,A,B,A,B,A,A,A,B,B,B,A,B,0,A,0,A,B,A,A,A,B,B,A,B,A,B,A,A,A,0,A,0,0,A,0,0,A,B,B,B,A,A,C,A,A,B,B,B,B,0,A,0,0,B,A,A,B,A,A,B,B,A,B,B,A,A,B,0,A,B,B,A,A,B,0,B,0
54417315,3.52,Mobile App Developer,B,B,B,A,C,B,A,A,C,A,A,A,0,A,B,C,A,B,A,A,A,A,B,A,A,B,0,A,0,A,A,A,B,A,B,B,A,B,A,B,B,B,A,0,A,0,0,B,0,0,B,B,A,B,A,A,B,A,A,B,B,B,C,0,A,0,0,A,A,A,B,A,A,B,B,B,A,A,A,A,B,0,A,B,A,A,A,B,0,B,0
54417465,3.52,Software Quality Assurance,B,A,B,A,A,B,A,C,B,A,A,A,0,A,B,B,A,A,A,A,B,B,B,B,A,A,0,A,0,A,B,B,C,B,B,B,C,B,B,B,B,B,A,0,A,0,0,A,0,0,A,B,A,B,B,A,B,A,A,A,A,A,C,0,A,0,0,A,A,A,A,A,A,A,B,A,A,A,A,A,B,0,A,B,B,B,A,A,0,B,0
54417482,3.75,Web Developer,A,A,A,A,A,A,A,A,A,A,A,A,0,A,A,A,A,B,A,A,B,A,B,A,A,A,0,A,0,A,A,A,B,A,B,A,A,A,A,A,A,A,A,0,A,0,A,0,0,0,A,B,B,A,A,A,B,A,B,A,A,A,B,0,B,0,0,A,A,A,A,A,B,B,B,A,A,A,A,A,B,0,A,B,A,A,A,A,0,B,0
54417526,3.48,Mobile App Developer,B,B,B,B,A,A,B,A,A,A,A,A,0,A,B,B,A,B,A,A,C,A,B,A,A,B,0,A,0,A,A,B,A,A,B,C,B,B,B,B,C,B,B,0,A,0,0,B,0,0,A,B,B,A,B,A,C,A,B,A,A,A,B,0,B,0,0,B,A,A,A,A,B,B,A,A,B,A,A,A,B,0,A,A,A,A,A,A,0,B,0
54417680,3.49,Software Engineer,A,B,A,A,A,A,B,A,A,A,A,A,0,A,B,A,A,C,A,B,A,A,C,B,A,A,0,D,B,A,A,B,B,A,A,B,B,C,B,B,A,B,A,B,A,0,0,A,0,0,A,A,B,A,A,B,A,A,A,A,B,A,B,0,B,0,0,A,A,A,B,B,A,B,B,B,A,B,A,A,B,B,B,A,C,B,A,A,0,B,0
54417878,3.58,Software Engineer,A,B,B,A,A,A,B,A,A,A,A,A,0,A,A,B,A,B,B,A,B,A,B,A,A,A,0,A,0,A,B,A,B,A,B,A,A,A,C,B,B,A,A,0,A,0,0,B,0,0,B,B,B,B,A,A,B,B,B,A,B,B,B,0,A,0,0,B,A,A,B,A,A,A,B,A,A,A,A,A,B,0,A,B,A,B,A,A,0,B,0
54418032,3.63,Mobile App Developer,A,B,B,A,A,A,B,A,B,A,A,A,0,A,B,B,A,B,A,B,A,B,A,B,0,A,A,A,0,A,A,B,A,B,A,B,B,A,B,B,A,A,A,0,A,0,0,A,0,0,A,A,A,B,A,B,A,A,B,A,B,B,B,A,A,0,B,A,A,A,A,A,A,A,A,B,B,A,A,A,B,0,A,B,B,B,A,A,0,A,A
54419118,3.72,Web Developer,A,A,B,B,A,A,A,A,A,A,A,A,0,A,B,A,B,A,A,A,B,A,A,A,0,0,A,A,A,A,A,A,A,B,A,B,B,C,A,A,A,A,A,0,B,0,0,A,0,0,A,A,A,A,A,A,A,A,B,B,B,B,A,A,B,A,A,B,B,A,A,A,A,A,A,B,B,A,A,B,A,0,A,A,B,B,A,A,A,B,A
54419126,3.7,Data Analyst,A,B,A,B,A,A,A,A,A,A,A,A,A,A,B,B,A,A,A,A,A,A,B,A,0,0,A,A,B,B,A,C,A,B,B,B,B,B,B,A,B,A,A,A,A,0,0,A,0,0,A,A,B,A,A,A,A,A,B,B,B,B,B,A,A,A,A,B,A,A,A,A,A,A,A,A,A,A,A,A,B,A,A,A,B,A,A,A,B,A,A
54419254,3.7,Software Engineer,B,B,A,B,A,B,B,B,A,A,A,A,0,A,B,A,A,A,A,A,A,A,A,A,0,0,A,A,A,A,A,C,A,B,A,A,B,A,B,A,A,A,A,0,A,0,0,B,0,0,B,B,A,B,B,A,A,A,B,A,A,A,B,A,B,A,A,A,A,B,A,A,A,A,A,A,B,A,A,A,A,0,A,B,A,A,B,A,A,A,A
54419316,3.7,Software Quality Assurance,A,A,A,B,A,A,A,A,B,A,A,A,A,B,B,A,A,A,A,A,B,A,A,A,0,0,A,A,A,B,A,B,A,B,A,B,A,A,B,A,B,B,A,A,A,0,0,A,0,0,A,A,A,A,A,A,A,A,B,B,B,B,B,A,B,A,A,B,A,C,A,A,A,A,A,A,B,A,A,B,A,A,A,B,B,A,A,A,A,B,A
54419441,3.7,Software Quality Assurance,A,A,A,B,A,A,A,A,A,A,A,A,0,B,A,A,B,A,A,A,B,A,A,A,0,0,A,A,A,A,A,B,A,B,B,A,B,B,B,A,A,B,A,0,B,0,0,A,0,0,A,B,A,A,B,A,A,B,B,B,B,B,B,A,A,A,B,B,A,A,A,A,A,A,A,A,B,A,A,B,A,0,0,B,B,A,A,A,A,B,A
54419715,3.71,Full Stack Developer,A,A,A,B,A,A,A,C,A,A,A,A,0,B,B,A,B,A,A,A,A,A,A,A,0,0,A,A,A,A,A,B,B,B,A,B,A,B,B,B,A,A,A,0,B,0,0,A,0,0,A,B,A,A,B,A,A,A,B,A,A,B,B,A,A,A,A,A,A,A,A,A,A,A,A,A,B,A,A,C,A,0,A,A,C,A,A,A,B,A,A
54419726,3.51,Full Stack Developer,C,B,B,B,B,A,A,A,B,A,A,A,0,A,B,B,A,A,A,A,B,A,B,A,0,0,A,A,B,A,A,B,B,C,B,B,B,A,B,A,A,B,A,0,C,0,0,A,0,0,B,A,A,B,A,A,A,A,B,C,B,B,B,A,A,A,A,B,B,A,A,A,A,B,A,B,B,A,A,A,A,0,A,A,B,B,A,A,B,B,A
54419785,3.59,Graphic Designer,A,B,B,B,A,A,A,B,A,A,A,A,0,A,B,B,A,A,A,A,A,A,A,A,0,0,A,A,A,A,B,A,B,B,B,B,C,B,B,B,A,A,A,0,B,0,0,A,0,0,A,B,A,A,A,A,A,A,B,A,B,B,B,B,B,A,B,C,A,A,B,A,A,A,B,A,B,A,A,A,B,0,A,A,C,B,A,B,B,B,A
54419889,3.28,IT Entrepreneur,B,B,B,C,A,B,B,C,A,A,B,A,A,A,B,B,A,A,C,A,A,B,B,A,0,0,B,C,B,A,A,B,A,C,B,C,B,C,A,B,B,A,A,B,A,0,0,A,0,0,B,B,B,B,B,B,B,B,B,A,A,A,A,B,B,B,B,C,A,A,B,A,B,B,B,B,C,A,A,A,A,C,B,B,B,A,B,A,B,B,A
54419985,3.52,Graphic Designer,C,A,A,B,A,A,B,A,A,A,A,A,0,A,C,B,A,A,A,A,B,A,B,A,0,0,A,A,A,A,A,A,B,B,B,B,B,B,B,B,B,B,A,0,A,0,0,A,0,0,A,B,A,B,A,B,A,A,B,B,B,B,C,A,B,A,A,C,A,B,A,A,A,A,B,B,B,A,A,A,B,0,A,B,B,A,A,A,A,B,A
55415045,3.64,Data Engineer,A,B,A,B,A,A,B,B,B,A,A,B,0,A,B,A,A,A,A,A,A,B,A,A,A,A,0,A,A,A,A,B,A,B,A,B,B,A,A,B,A,A,B,A,B,0,0,0,0,A,A,A,A,A,A,A,B,A,B,A,B,A,A,0,0,0,0,B,A,B,B,0,A,B,A,B,A,A,B,B,A,B,A,A,B,A,A,A,0,B,0
55415911,2.9,Lecturer,B,B,B,B,A,B,B,C,B,C,B,A,0,A,B,B,B,B,B,B,A,C,B,B,B,C,0,A,B,B,B,C,B,C,B,C,B,B,B,B,B,B,D,B,B,0,0,A,0,0,B,B,A,B,A,B,D,B,B,B,C,B,A,0,0,0,0,B,B,B,C,0,B,B,B,B,A,B,B,C,B,B,B,C,B,C,B,C,0,B,0
55416050,3.56,Back End Developer,B,B,A,A,A,A,B,A,A,A,A,A,0,A,B,A,A,B,B,A,B,A,B,B,B,A,0,A,0,A,B,A,A,A,A,B,B,B,B,B,A,A,A,0,B,0,0,B,0,0,A,A,A,A,A,A,A,A,A,A,A,A,B,0,0,0,0,C,A,A,B,0,A,A,B,A,A,B,A,A,B,0,A,B,B,A,B,A,0,C,0
55416323,3.41,Lecturer,B,B,B,A,A,B,B,A,B,B,A,A,0,B,B,A,A,B,B,B,A,B,A,A,A,A,0,A,B,B,B,B,A,B,A,A,A,A,B,B,B,B,B,A,B,0,0,B,0,0,A,B,A,B,C,A,B,B,B,B,B,B,B,0,0,0,0,B,B,B,B,0,A,A,B,A,B,A,A,B,B,A,A,A,B,B,B,B,0,A,0
55416691,3.58,Back End Developer,B,A,A,B,B,A,A,A,A,B,A,B,0,A,B,A,A,A,A,A,B,B,A,A,A,A,0,A,0,B,A,B,C,A,B,B,A,B,C,B,C,A,A,0,A,0,0,B,0,0,A,B,A,A,A,A,A,A,A,A,A,A,A,0,0,0,0,A,A,A,A,0,A,A,B,B,A,B,B,B,B,0,A,B,A,A,A,A,0,B,0
55416723,3.89,Software Quality Assurance,A,A,A,B,A,A,A,A,A,A,A,A,0,A,A,A,A,A,A,A,A,B,A,A,A,A,0,A,0,A,A,A,B,A,B,A,A,A,B,B,A,A,A,0,A,0,0,B,0,0,A,A,A,A,A,A,A,A,A,A,A,A,A,0,0,0,0,A,A,A,A,0,A,A,A,A,A,A,A,A,A,0,A,A,A,A,A,A,0,A,0
55416943,3.43,Software Engineer,B,A,A,B,A,A,A,A,B,A,A,A,0,B,A,A,A,A,B,A,A,A,B,B,B,A,0,A,0,A,A,C,B,A,A,C,B,C,B,A,B,A,B,0,B,0,0,B,0,0,B,B,A,A,A,A,B,A,A,A,B,A,B,0,0,0,0,C,A,B,A,0,A,B,B,A,A,B,B,A,C,0,A,B,A,B,B,A,0,C,0
55417038,3.73,Software Engineer,A,A,A,A,A,B,B,B,B,B,B,D,0,B,A,A,B,C,A,A,A,A,A,A,A,A,0,B,A,A,A,B,A,A,B,A,B,A,A,B,A,A,A,A,A,0,0,A,0,0,A,A,A,A,A,A,B,A,A,A,A,A,B,0,0,0,0,C,A,B,A,0,A,A,B,A,B,A,A,A,A,A,A,A,B,A,A,A,0,A,0
55417547,3.48,Business Analyst,A,A,B,A,B,A,A,A,A,B,A,A,0,A,A,A,A,B,A,A,B,A,B,A,A,B,0,A,0,A,B,B,A,B,B,A,A,B,A,B,B,A,A,0,A,0,0,B,0,0,B,B,B,B,B,A,B,A,A,B,B,B,B,0,A,0,0,B,A,A,B,B,B,B,B,C,A,A,A,B,C,0,A,B,A,B,B,B,0,B,0
55417924,3.46,Network Administrator,B,B,B,A,B,B,B,B,C,A,A,B,0,A,C,B,A,A,A,A,C,B,B,A,A,A,0,A,A,B,B,B,A,B,C,B,A,C,B,B,B,B,A,A,A,0,0,A,0,0,A,B,A,A,B,A,B,A,B,A,A,A,B,0,A,0,0,A,A,A,B,A,A,A,B,B,A,B,A,A,B,B,A,A,C,B,A,A,0,B,0
55418207,3.49,Software Quality Assurance,B,B,B,B,B,B,A,B,B,A,B,A,0,A,B,A,A,A,A,A,A,A,A,A,0,A,B,A,0,A,A,A,A,B,B,B,B,B,B,C,B,A,A,0,B,0,0,B,0,0,A,A,A,A,A,B,B,A,B,B,B,B,B,B,B,0,B,B,A,B,B,A,A,A,A,B,C,A,A,B,A,0,A,B,B,A,B,B,0,A,B
55418623,3.53,Software Engineer,B,B,B,A,A,B,B,B,A,A,A,A,0,B,B,B,A,A,A,A,B,B,A,A,0,A,A,A,B,A,B,B,C,B,B,A,B,B,B,B,A,B,A,B,A,0,0,A,0,0,A,A,A,B,A,A,A,A,B,B,B,B,B,A,A,0,A,A,A,A,B,A,A,A,B,B,B,B,A,A,A,B,B,B,B,B,A,A,0,B,A
55418632,3.87,Database Administrator,A,B,A,A,A,A,A,A,A,A,A,A,0,A,A,A,A,A,A,A,A,B,A,B,0,A,A,A,0,A,A,A,B,A,A,B,A,A,A,B,A,A,A,0,A,0,0,A,0,0,B,A,B,A,A,A,A,A,A,A,A,A,B,A,A,0,A,A,A,A,B,A,A,A,A,A,B,A,A,A,A,0,A,A,A,A,A,B,0,B,A
55418968,3.45,Front End Developer,A,B,A,A,A,A,A,A,A,A,A,A,0,A,B,A,B,A,A,A,A,A,B,B,0,A,B,A,0,A,A,B,C,B,B,B,B,B,C,B,B,B,A,0,C,0,0,0,B,0,B,B,A,B,B,A,A,A,B,A,B,A,B,B,A,0,B,B,A,A,B,A,A,B,A,B,A,A,A,A,B,0,A,B,B,B,B,A,0,B,B
55419249,3.37,Software Quality Assurance,B,B,B,B,A,A,B,C,B,A,A,B,A,A,B,A,B,B,A,A,A,A,B,A,0,0,A,A,A,A,B,C,B,B,B,C,B,B,B,B,A,A,A,B,A,0,0,A,0,0,A,B,A,B,A,A,A,A,B,A,B,B,C,A,A,A,A,C,B,B,B,A,C,B,B,B,C,B,A,A,A,B,A,B,C,B,A,B,B,C,A
55419354,3.92,Software Quality Assurance,B,A,A,B,A,A,A,A,A,A,A,A,0,A,B,A,A,A,A,A,A,A,A,A,0,0,A,A,A,A,A,B,A,B,A,A,A,A,A,A,A,A,A,0,A,0,0,A,0,0,A,A,A,A,A,A,A,A,A,A,A,A,C,A,A,A,A,A,A,A,B,A,A,A,A,A,A,A,A,A,A,0,A,A,A,A,A,A,A,A,A
55419360,3.91,Mobile App Developer,A,A,A,B,A,A,A,B,A,A,A,A,0,B,A,A,A,A,A,A,B,A,A,A,0,0,A,A,A,A,A,A,A,A,A,B,A,A,B,A,A,B,A,0,A,0,0,A,0,0,A,B,A,A,A,A,A,A,A,A,A,A,B,A,A,A,A,A,A,A,A,A,A,A,A,A,A,A,A,A,A,0,A,A,A,A,A,A,A,A,A
55419446,3.76,Data Analyst,A,A,B,B,A,A,A,A,A,A,A,A,0,A,A,A,A,A,A,B,A,A,A,A,0,0,A,A,B,A,A,B,A,B,B,B,A,A,B,A,B,B,A,0,A,0,0,A,0,0,A,B,B,A,A,A,A,A,B,B,B,B,A,A,A,A,A,B,A,A,B,A,A,A,A,A,B,A,A,A,A,0,A,A,B,B,A,A,A,B,A
55419968,3.98,Back End Developer,A,A,A,A,A,A,A,A,A,A,A,A,0,A,A,A,A,A,A,C,A,A,A,A,0,0,A,A,A,A,A,A,A,A,A,A,A,A,A,A,A,B,A,0,A,0,0,A,0,0,A,A,A,A,A,A,A,A,A,A,A,B,A,A,A,A,A,B,A,A,A,A,A,A,A,A,A,A,A,A,A,0,A,A,A,A,A,A,A,A,A
56414412,3.43,Software Quality Assurance,A,B,B,B,A,A,A,B,B,A,B,A,0,A,A,A,A,A,C,B,A,A,A,B,C,A,0,A,0,A,C,A,C,B,A,C,A,A,B,B,B,B,B,0,A,0,0,B,0,0,A,A,A,B,A,A,B,A,B,B,B,B,B,0,0,0,0,C,A,B,A,0,A,B,A,B,A,B,A,C,B,0,A,B,A,A,A,A,0,B,0
56414625,3.35,Mobile App Developer,B,B,B,B,A,B,A,A,A,A,A,A,0,A,B,B,A,B,B,B,B,B,A,B,B,B,0,A,0,A,B,B,B,B,B,B,B,B,B,B,B,A,A,0,A,0,0,0,0,A,B,B,A,A,A,B,B,A,B,A,A,A,A,0,0,0,0,B,A,B,B,0,A,B,B,B,B,A,B,B,B,0,A,B,B,B,B,A,0,B,0
56414852,3.2,Back End Developer,A,B,B,B,A,A,B,B,B,A,B,B,0,A,B,B,B,B,C,B,B,C,B,B,B,A,0,B,B,B,B,B,A,B,C,B,B,A,B,B,B,B,C,B,A,0,0,A,0,0,B,A,B,B,A,A,B,B,B,C,B,B,B,0,0,0,0,B,A,B,A,0,A,B,B,A,B,A,B,B,B,B,B,A,A,B,B,A,0,B,0
56415013,3.11,Data Analyst,B,B,B,B,A,B,B,B,B,C,B,A,0,B,B,B,B,C,B,A,A,B,A,B,B,B,0,A,A,B,B,C,A,B,B,C,B,A,B,B,B,B,C,B,B,0,0,B,0,0,C,B,A,A,B,B,C,A,B,B,B,B,B,0,0,0,0,B,A,C,A,0,A,B,B,B,A,B,B,B,B,B,A,C,B,B,B,C,0,B,0
56415158,3.23,Software Engineer,B,B,B,B,A,B,A,B,B,A,B,C,0,A,B,B,B,B,B,A,A,B,A,A,B,B,0,B,B,B,B,A,B,A,B,A,B,A,B,B,A,B,C,B,B,0,0,B,0,0,B,B,B,A,C,B,B,B,A,B,D,B,B,0,0,0,0,C,B,B,A,0,A,B,B,A,A,B,B,B,B,B,B,A,B,A,B,A,0,B,0
56415561,3.48,Data Analyst,A,B,A,B,A,A,A,B,B,A,B,A,0,A,B,B,A,A,B,A,B,A,B,B,B,A,0,A,A,B,B,A,B,A,B,A,B,A,A,B,A,B,A,B,A,0,0,B,0,0,A,B,A,B,A,A,B,A,A,B,B,B,B,0,0,0,0,A,A,B,A,0,B,B,A,B,A,B,A,B,B,A,A,B,A,B,A,A,0,B,0
56415691,3.32,Software Quality Assurance,C,B,A,B,A,A,A,B,B,A,A,A,0,B,B,B,A,A,B,A,A,B,B,B,A,A,0,A,A,B,B,B,B,A,B,C,B,A,B,B,A,B,B,B,A,0,0,A,0,0,B,A,A,A,C,A,B,A,A,C,B,B,B,0,0,0,0,B,A,B,B,0,A,B,B,B,A,B,A,B,B,C,B,B,B,B,B,A,0,B,0
56415804,3.63,Mobile App Developer,A,A,A,B,A,A,A,A,A,C,A,A,0,A,A,A,A,B,A,A,B,A,C,A,B,C,0,A,0,A,B,A,B,A,B,A,B,A,A,A,A,A,B,0,B,0,0,A,0,0,B,A,A,A,A,A,A,A,A,A,B,B,A,0,0,0,0,C,A,B,A,0,A,A,A,A,A,A,A,B,B,0,A,A,A,A,B,C,0,B,0
56415970,3.86,IT Lecturer,A,A,A,B,B,A,A,A,A,A,A,A,0,B,A,A,A,A,A,B,0,A,A,A,A,A,0,A,0,A,A,A,A,A,B,C,A,B,A,A,A,A,A,0,A,0,0,A,0,0,A,A,A,A,A,A,A,A,A,A,A,A,A,0,0,0,0,A,A,C,B,0,A,A,A,B,A,A,A,A,A,0,A,A,A,B,A,A,0,C,0
56416262,3.31,Software Engineer,A,A,B,B,A,B,C,B,A,B,A,A,0,B,B,B,A,B,B,A,A,B,B,A,B,B,0,A,A,B,B,B,A,B,B,A,A,A,B,C,B,B,B,A,B,0,0,C,0,0,B,B,B,B,A,A,B,A,B,B,B,B,A,0,0,0,0,B,B,B,A,0,A,B,B,A,B,B,B,B,A,B,A,A,A,B,B,A,0,B,0
56416306,3.44,UI/UX Designer,B,A,A,B,A,A,B,A,B,A,A,A,0,A,B,B,A,B,B,A,A,B,B,B,B,A,0,A,A,A,B,A,C,A,B,A,B,B,B,A,B,A,B,A,B,0,0,B,0,0,A,A,A,B,A,A,B,A,B,B,B,B,B,0,0,0,0,A,B,A,A,0,A,A,B,B,A,B,B,B,B,A,A,B,A,A,B,A,0,B,0
56416406,3.08,IT Entrepreneur,B,A,A,A,A,B,C,B,C,C,A,B,0,C,B,B,C,B,D,C,A,C,B,B,A,B,0,C,B,B,B,B,C,B,D,A,B,A,B,A,A,B,B,A,A,0,0,C,0,0,A,B,C,A,C,B,B,A,A,B,C,B,B,0,0,0,0,D,A,B,A,0,B,B,C,A,C,B,C,B,A,A,A,B,D,B,A,C,0,B,0
56416684,3.71,Data Engineer,A,A,A,A,A,A,B,A,A,A,A,A,0,A,A,A,A,B,B,A,A,B,B,B,A,A,0,A,0,A,B,A,A,A,A,B,B,B,B,A,A,A,A,0,A,0,0,0,A,0,B,A,A,A,A,A,B,A,A,A,B,A,A,0,0,0,0,A,A,A,B,0,A,A,B,A,A,A,A,A,B,0,A,B,B,A,A,A,0,B,0
56417271,3.26,Software Quality Assurance,A,B,A,A,A,B,B,B,A,A,A,A,0,A,C,B,A,C,A,A,A,A,B,B,B,A,0,A,A,B,A,B,A,C,C,C,C,C,B,B,C,B,B,A,A,0,0,B,0,0,B,A,A,B,B,B,B,A,B,B,B,B,B,0,A,0,0,B,A,B,B,B,A,B,B,B,A,A,A,C,C,A,A,A,B,A,A,B,0,B,0
56417324,3.53,Software Engineer,A,B,A,A,C,B,A,B,A,B,A,A,0,A,A,B,A,B,B,A,A,A,B,A,A,B,0,A,0,A,A,A,A,B,A,A,B,B,B,B,B,B,A,0,A,0,0,B,0,0,A,B,D,A,A,A,C,A,A,A,B,B,B,0,A,0,0,B,A,B,A,B,A,B,B,B,A,B,A,A,A,0,A,B,B,A,B,B,0,A,0
56417651,3.54,Data Engineer,A,B,A,A,A,B,B,B,B,A,B,A,0,B,B,A,A,A,A,B,B,A,B,A,A,B,0,A,0,B,A,A,B,B,B,B,B,B,B,B,B,A,A,0,A,0,0,B,0,0,A,B,A,A,A,A,A,A,B,A,A,A,B,0,A,0,0,A,A,A,C,B,A,A,B,A,B,B,A,A,B,0,A,C,B,B,A,A,0,B,0
56417658,3.65,Software Engineer,B,B,B,A,A,B,A,A,A,A,A,A,0,A,A,A,A,B,A,B,A,A,B,A,A,A,0,A,0,A,A,A,C,B,B,A,B,B,B,B,C,A,A,0,A,0,0,B,0,0,A,B,B,A,A,A,B,A,A,A,A,A,B,0,A,0,0,A,A,A,A,A,A,A,A,A,A,B,A,A,B,0,A,A,A,B,A,A,0,B,0
56418335,3.65,Data Analyst,B,B,B,A,A,A,A,A,A,A,A,A,0,A,C,B,A,A,A,A,A,B,A,A,0,A,A,A,0,B,A,C,B,B,A,B,B,A,B,B,A,A,B,0,B,0,0,A,0,0,A,A,A,A,A,A,A,A,B,B,A,A,A,A,A,0,A,A,A,B,C,A,A,A,A,A,B,A,A,B,A,0,A,B,B,C,A,A,0,A,A
56419075,3.73,Data Analyst,B,A,A,B,A,A,B,B,A,A,A,A,A,A,B,A,A,A,A,B,A,B,A,A,0,0,A,A,A,A,A,B,B,A,B,B,B,B,A,A,B,B,A,B,A,0,0,A,0,0,B,B,A,A,A,A,A,B,A,B,B,B,B,B,A,A,A,B,A,A,A,A,A,A,A,A,B,A,A,A,A,B,A,A,A,B,A,A,A,A,A
56419085,3.49,Data Scientist,B,B,B,B,A,A,A,C,A,A,A,A,0,A,B,B,A,A,A,A,B,B,B,A,0,0,A,C,B,A,A,C,B,B,A,B,B,B,B,A,A,B,A,0,C,0,0,A,0,0,B,B,B,B,A,C,A,A,B,B,B,B,B,A,B,A,B,B,A,A,A,A,A,A,A,B,C,A,A,A,A,0,A,B,B,B,A,A,A,B,A
56419338,3.87,Data Analyst,B,A,A,B,A,A,B,B,B,A,A,A,0,A,B,A,A,A,A,A,A,A,A,A,0,0,A,A,A,A,A,A,B,A,A,B,A,B,B,A,A,A,A,0,A,0,0,0,0,A,A,B,A,A,A,A,A,A,A,A,A,A,A,A,A,A,A,A,A,A,A,A,A,A,A,A,A,A,A,A,A,0,A,A,A,A,A,A,A,A,A
56419487,3.43,Data Engineer,B,B,B,A,C,A,B,B,A,B,B,B,A,C,B,C,A,A,A,A,C,B,B,B,0,0,A,B,A,A,B,B,C,B,B,B,B,B,C,B,A,B,A,A,B,0,0,A,0,0,A,B,A,A,B,B,A,A,B,A,B,B,B,B,B,A,B,C,A,A,C,A,A,A,A,B,B,A,A,B,A,A,A,B,B,B,A,A,A,A,A
56419565,3.89,Full Stack Developer,A,A,A,B,A,A,A,A,A,A,A,A,0,A,A,A,A,A,A,A,A,A,A,A,0,0,A,A,A,A,A,A,B,A,A,B,A,B,B,A,A,B,A,0,A,A,0,0,0,0,A,A,A,A,A,A,A,B,A,A,A,B,B,A,B,A,A,A,A,A,A,A,A,A,A,A,A,A,A,A,A,0,A,A,A,A,A,A,A,A,A
56419601,3.97,Full Stack Developer,A,A,A,A,A,A,A,A,A,A,A,A,0,A,A,A,A,A,A,B,A,A,A,A,0,0,A,A,A,A,A,A,A,B,A,A,A,B,A,A,A,A,A,0,A,0,0,A,0,0,A,A,A,A,A,A,A,A,A,A,A,A,A,A,A,A,A,A,A,A,A,A,A,A,A,A,A,A,A,A,A,0,A,A,A,A,A,A,A,A,A
56419764,3.87,Software Engineer,A,A,A,B,A,A,B,B,A,A,A,A,0,A,A,A,A,A,A,A,A,A,A,A,0,0,A,A,A,A,A,A,B,A,A,B,A,A,B,A,A,B,A,0,A,0,0,A,0,0,A,A,A,A,A,A,A,A,A,A,B,B,B,A,B,A,A,A,A,A,A,A,A,A,A,A,A,A,A,A,A,0,A,A,A,A,B,A,A,A,A
56419961,3.83,Mobile App Developer,B,B,A,A,A,A,B,A,A,A,B,A,0,A,B,C,A,A,A,A,A,B,A,A,0,0,A,A,A,A,A,A,A,B,B,A,B,A,A,A,A,A,A,0,A,0,0,A,0,0,A,A,A,A,A,A,A,B,B,A,A,A,A,A,A,A,A,A,A,A,A,A,A,A,A,A,B,A,A,A,A,0,A,A,A,A,A,A,A,A,A
57414263,3.25,Software Engineer,B,B,B,B,A,A,B,B,B,B,B,A,0,B,B,B,B,B,B,B,B,B,B,A,B,B,0,A,B,A,B,B,B,B,B,A,A,A,B,B,B,B,B,B,B,0,0,B,0,0,B,A,A,B,A,C,B,A,B,B,B,B,B,0,0,0,0,B,B,B,A,0,A,A,B,B,B,A,A,B,B,B,B,B,B,B,A,B,0,B,0
57414308,3.28,Software Quality Assurance,B,B,B,B,B,A,B,B,B,A,B,A,0,A,B,B,C,A,B,A,B,B,B,B,A,B,0,B,B,A,B,B,B,B,B,B,A,B,B,B,B,B,A,A,B,0,0,B,0,0,A,B,A,A,A,B,B,B,B,B,B,B,B,0,0,0,0,B,A,B,A,0,A,B,A,B,A,B,A,B,B,B,A,B,B,B,B,A,0,B,0
57414416,3.23,Front End Developer,A,A,B,B,C,B,A,A,C,B,A,B,0,A,A,B,B,B,B,A,A,B,B,A,C,A,0,A,A,B,C,A,C,A,B,C,B,A,C,B,B,A,A,B,C,0,0,B,0,0,B,B,A,A,A,A,B,B,B,A,B,B,A,0,0,0,0,C,A,B,B,0,B,C,B,B,A,B,B,B,A,A,A,A,A,B,B,A,0,C,0
57414549,3.43,Software Engineer,A,A,A,B,A,A,B,B,A,B,A,B,0,A,A,A,B,B,B,B,A,B,A,B,B,B,0,A,0,B,B,A,A,B,A,B,A,B,A,B,A,B,A,0,A,0,0,B,0,0,B,B,A,B,B,B,B,A,B,A,A,A,B,0,0,0,0,B,B,C,A,0,A,A,B,B,B,A,B,C,B,0,A,A,A,B,A,A,0,B,0
57414600,3.26,Mobile App Developer,B,B,B,B,B,B,C,A,A,A,B,A,0,A,B,B,A,B,B,A,A,B,A,B,B,A,0,B,B,B,B,B,B,A,B,B,A,B,A,B,B,B,B,A,B,0,0,B,0,0,B,A,B,B,C,B,B,A,B,B,B,B,C,0,0,0,0,B,A,B,B,0,A,B,A,B,A,B,B,B,B,B,A,B,B,B,B,A,0,A,0
57415072,3.06,Software Quality Assurance,A,B,B,B,C,B,B,C,C,B,B,A,0,A,B,C,A,B,C,A,A,B,B,A,C,B,0,A,A,B,B,A,C,A,C,B,B,A,C,B,A,B,B,B,B,0,0,C,0,0,B,B,B,B,A,A,C,A,A,B,B,C,C,0,0,0,0,C,A,B,B,0,B,B,B,A,C,B,B,B,B,C,B,A,C,B,B,A,0,B,0
57415243,2.82,Back End Developer,B,B,B,B,A,B,B,B,D,A,B,A,0,B,A,C,C,B,B,C,A,C,B,B,B,B,0,D,B,C,C,B,B,A,B,B,B,B,D,B,B,C,B,B,C,0,0,B,0,0,B,B,B,C,B,C,C,A,B,B,B,C,B,0,0,0,0,D,B,B,A,0,C,B,A,B,B,C,B,C,B,B,B,B,B,B,B,A,0,B,0
57415571,3.87,Graphic Designer,A,B,A,B,A,A,A,A,A,A,A,A,0,A,A,A,A,A,A,A,A,A,C,A,A,A,0,A,0,A,A,A,B,A,B,A,A,A,A,A,A,A,A,0,A,0,0,A,0,0,A,A,A,A,A,A,B,A,A,A,A,A,A,0,0,0,0,A,A,B,A,0,A,A,A,A,A,A,A,A,A,0,A,A,A,A,A,A,0,A,0
57415646,3.59,IT Entrepreneur,B,B,B,B,A,A,B,B,A,B,A,B,0,A,A,A,A,A,B,B,C,B,B,B,A,A,0,A,0,B,A,A,B,B,B,A,A,A,B,B,A,A,B,0,A,0,0,A,0,0,A,A,A,A,C,A,A,A,A,A,A,A,C,0,0,0,0,B,A,B,A,0,A,A,B,A,A,A,A,A,B,0,A,A,A,A,B,A,0,B,0
57416031,3.64,Full Stack Developer,A,A,A,B,A,B,A,B,A,B,B,B,0,A,A,A,A,A,A,A,A,B,B,A,A,A,0,A,0,A,A,A,B,A,A,B,B,A,B,B,C,A,A,0,A,0,0,B,0,0,B,A,A,A,A,A,A,A,B,A,A,A,A,0,0,0,0,A,A,B,A,0,A,A,B,B,B,B,A,B,B,0,A,A,A,A,A,A,0,B,0
57416610,3.63,Software Engineer,A,A,A,B,B,A,B,A,A,B,A,A,0,A,A,A,A,B,B,A,A,C,B,B,B,A,0,A,0,B,C,A,B,A,A,B,B,A,B,A,B,A,A,0,A,0,0,B,0,0,A,A,A,A,A,A,A,A,A,A,A,A,B,0,0,0,0,D,A,A,B,0,A,A,B,A,A,A,A,A,A,0,A,B,A,A,A,A,0,B,0
57416884,3.17,Full Stack Developer,B,A,B,B,A,A,A,A,A,C,A,C,0,D,C,B,A,B,B,C,C,A,B,C,A,A,0,C,B,B,A,B,A,A,A,B,B,A,C,B,B,B,C,B,C,0,0,A,0,0,B,B,C,A,B,A,C,B,A,B,B,C,B,0,0,0,0,C,B,B,A,0,A,B,B,B,B,A,A,C,B,A,A,A,C,B,C,D,0,A,0
57416950,3.52,Full Stack Developer,B,A,B,B,A,A,B,B,A,B,B,B,0,A,B,A,A,B,B,A,A,C,B,A,C,A,0,A,0,A,A,A,B,A,A,B,B,B,A,A,B,A,B,0,A,0,0,B,0,0,A,B,A,B,A,A,A,A,A,A,B,A,B,0,0,0,0,B,A,A,A,0,A,B,B,A,A,A,B,A,B,0,A,A,A,A,C,A,0,B,0
57417214,3.51,Software Quality Assurance,B,B,A,A,A,B,B,B,B,A,B,A,0,A,B,A,A,B,A,A,B,A,B,A,A,A,0,A,0,A,A,B,A,A,B,B,B,B,B,B,C,B,A,0,A,0,0,A,0,0,A,B,A,A,A,A,B,A,B,A,A,A,B,0,A,0,0,A,A,A,A,B,B,B,B,A,C,B,A,A,B,0,A,A,B,B,A,A,0,B,0
57417408,3.44,Software Engineer,A,B,B,A,A,B,B,B,B,A,A,B,0,A,A,B,B,A,A,A,B,B,B,A,B,B,0,A,0,A,B,B,A,B,B,B,B,A,B,B,B,A,B,0,C,0,0,B,0,0,A,C,A,A,A,A,C,A,A,A,A,A,C,0,B,0,0,B,A,A,B,A,A,A,B,B,B,B,A,C,B,0,A,B,A,A,A,A,0,B,0
57419144,3.51,Cyber Security Analyst,B,B,B,B,A,B,B,C,A,A,B,A,0,A,B,B,B,A,B,B,A,A,A,A,0,0,A,A,C,B,A,A,B,A,A,C,B,B,A,B,A,B,A,0,C,0,0,B,0,0,A,B,A,B,B,A,A,A,A,A,A,A,B,A,A,A,A,C,B,B,B,B,B,A,B,B,B,C,A,A,B,0,A,B,A,A,A,A,A,A,A
57419514,3.7,Software Quality Assurance,A,B,A,B,B,A,A,A,A,A,A,A,0,A,A,B,A,A,A,C,B,A,B,A,0,0,A,A,B,A,A,B,C,B,B,B,B,A,A,A,A,A,A,0,C,0,0,A,0,0,A,A,A,A,A,A,A,A,B,B,B,B,A,A,A,A,A,A,A,A,A,A,A,A,A,B,C,A,A,A,A,0,A,A,A,B,A,A,A,A,A
58414009,3.65,Front End Developer,A,B,B,B,A,A,B,A,A,A,A,A,0,A,B,B,A,A,B,A,A,B,A,B,A,A,0,B,0,A,A,A,B,A,A,A,A,B,B,A,A,A,B,0,A,0,0,A,0,0,A,A,B,A,A,B,B,A,A,A,B,A,B,0,0,0,0,B,A,A,B,0,A,A,A,B,A,A,A,B,B,0,A,A,A,B,A,A,0,B,0
58414501,3.25,Business Analyst,B,B,B,B,B,A,B,A,A,B,B,B,0,B,B,B,A,A,B,B,A,B,B,B,B,B,0,B,B,B,B,B,B,B,B,B,B,B,B,B,B,B,B,B,B,0,0,A,0,0,A,A,B,A,B,B,B,A,B,B,B,B,B,0,0,0,0,B,A,B,A,0,A,B,A,B,A,A,B,B,B,B,B,B,B,B,A,A,0,B,0
58416112,3.51,Full Stack Developer,A,B,B,A,C,A,A,A,B,A,B,B,0,A,A,A,A,A,B,C,A,B,B,A,B,A,0,C,0,A,A,A,C,B,A,B,A,B,C,B,A,A,B,0,B,0,0,B,0,0,A,A,A,B,A,A,A,A,A,A,A,A,B,0,0,0,0,B,A,A,A,0,A,A,A,B,B,B,B,B,B,0,A,B,B,A,A,A,0,B,0
58416152,3.21,Business Analyst,B,B,B,A,A,A,A,B,B,C,A,A,0,A,B,A,A,B,C,C,B,B,B,B,A,B,0,B,A,B,B,B,A,B,C,C,B,B,B,B,A,B,B,A,B,0,0,A,0,0,A,B,A,B,B,A,B,A,B,A,A,A,B,0,0,0,0,C,B,A,B,0,B,B,B,B,B,B,B,B,B,B,A,C,B,A,A,A,0,C,0
59414041,3.09,Data Analyst,B,B,B,B,C,B,B,A,A,B,B,B,0,B,B,A,A,B,B,A,A,B,B,B,B,B,0,B,B,B,B,A,B,B,B,B,B,B,A,B,B,B,B,B,C,0,0,B,0,0,A,B,B,B,B,C,C,A,B,B,C,B,B,0,0,0,0,B,B,B,B,0,B,B,B,B,B,B,B,B,B,B,B,B,A,A,B,B,0,B,0
59414376,2.95,Software Engineer,B,B,B,B,C,B,B,C,B,B,A,D,0,D,B,A,C,B,B,A,B,C,A,B,B,B,0,D,B,B,B,B,B,B,B,B,B,B,B,B,B,B,B,B,B,0,0,B,0,0,B,B,D,B,C,C,B,A,B,B,C,C,C,0,0,0,0,C,B,B,B,0,B,A,B,B,B,A,B,B,B,B,B,B,B,B,B,C,0,B,0
59414443,3.03,IT Project Manager,A,B,B,B,C,B,B,B,B,A,A,B,0,A,B,B,B,B,B,B,A,C,B,B,B,A,0,B,B,B,B,B,B,B,B,B,A,B,B,B,A,B,B,B,B,0,0,B,0,0,A,B,C,B,A,C,D,A,B,B,C,C,B,0,0,0,0,C,A,B,B,0,B,B,B,B,B,B,B,C,B,B,B,B,B,B,B,B,0,B,0
59414693,3.35,Software Quality Assurance,B,B,B,B,A,B,A,B,B,A,B,A,0,A,B,B,B,B,B,A,A,C,A,B,B,A,0,A,B,B,B,B,A,B,B,A,A,B,B,B,B,A,B,A,A,0,0,B,0,0,B,B,B,B,A,A,B,A,B,B,B,C,B,0,0,0,0,B,A,B,B,0,B,B,B,B,B,B,A,A,B,B,A,B,A,A,A,A,0,A,0
59414863,3.83,IT Project Manager,A,A,A,A,A,A,A,A,A,A,A,A,0,A,A,A,A,A,B,B,A,A,A,B,A,A,0,B,0,A,A,A,B,A,A,A,A,A,A,A,A,A,B,0,B,0,0,0,0,A,A,A,A,A,A,B,A,A,A,A,B,A,A,0,0,0,0,B,A,A,A,0,A,A,A,B,A,A,A,B,A,0,A,A,A,A,A,A,0,B,0
5B416937,3.48,Database Administrator,A,A,A,A,A,A,A,B,A,A,A,A,0,A,A,B,B,A,B,B,A,C,B,A,A,B,0,A,A,A,A,B,A,B,B,B,B,B,B,A,B,A,B,B,B,0,0,B,0,0,A,B,A,B,A,A,B,A,A,B,B,B,B,0,0,0,0,B,B,B,B,0,B,B,A,B,B,A,A,B,A,B,A,B,B,B,A,C,0,B,0
5C414051,3.22,Mobile App Developer,B,B,B,B,B,B,C,B,B,A,C,A,0,B,B,B,A,A,B,B,A,B,B,B,B,B,0,B,B,B,B,B,B,B,A,B,B,A,B,B,A,B,B,B,B,0,0,B,0,0,B,B,C,A,C,B,B,B,B,B,B,C,B,0,0,0,0,B,A,B,A,0,A,A,B,B,B,B,B,B,B,A,A,B,A,A,B,A,0,B,0
5C414646,3.07,Software Quality Assurance,A,B,A,B,B,A,B,B,B,A,C,B,0,C,A,A,C,C,B,C,A,B,B,B,C,B,0,A,B,B,C,C,B,C,B,B,B,B,B,B,C,C,B,B,B,0,0,C,0,0,A,A,A,B,C,A,B,A,A,C,B,B,B,0,0,0,0,B,A,B,B,0,A,B,B,B,A,B,A,B,B,B,B,C,A,C,B,B,0,B,0
5D414305,3.53,Software Engineer,A,B,B,A,C,B,B,B,B,A,A,A,0,A,B,A,A,B,B,A,A,C,B,A,A,B,0,A,0,A,A,A,A,B,B,B,A,A,A,B,B,B,B,0,A,0,0,0,0,A,A,A,A,A,B,A,B,A,A,B,B,A,C,0,0,0,0,A,B,B,B,0,A,A,B,B,B,B,B,B,B,0,A,A,A,A,A,A,0,B,0
